store_id,store_name,address,category,lat,lng,annual_sales_usd,matched,layer,scrape_id,scrape_name,distance_m,similarity,nearest_non_7eleven_id,nearest_non_7eleven_name,nearest_non_7eleven_dist_m,review_flag,note
CPD2000012,บริษัทฟู้ดแลนด์ซุปเปอร์มาร์เก็ต จำกัด,190/16 หมู่9 ถนนพัทยากลาง ต.หนองปรือ อ.บางละมุง,SUPERMARKET,,,"415,759.72",no_coords,-,,,,,,,,needs_geocoding,needs geocoding
CPD2000014,บริษัทฟู้ดแลนด์ซุปเปอร์มาร์เก็ต จำกัด,777 หมู่ที่6 ต.นาเกลือ อ.บางละมุง,SUPERMARKET,,,"210,748.93",no_coords,-,,,,,,,,needs_geocoding,needs geocoding
RBA2000009,บริษัทเบสท์(พัทยา)คอร์เนอร์ จำกัด,500/555 หมู่5 ต.นาเกลือ อ.บางละมุง,SUPERMARKET,12.951342,100.888435,"247,431.70",covered,3_base_200m,ChIJ1xVAGwC9AjERcE4iBudar_8,Tops Again Pattaya ท็อปส์ อะเกน พัทยา,109,0.08,ChIJ1xVAGwC9AjERcE4iBudar_8,Tops Again Pattaya ท็อปส์ อะเกน พัทยา,109,auto_matched,"3_base_200m hit at 109m, sim 0.08"
RBA2000010,ร้านค้าสวัสดิการ​ศูนย์​ฝึก​ทหาร​ใหม่​,160/4​ ม.5 ต.บางเสร่ อ.สัตหีบ,Minimart,13.369755,101.004092,"9,195.72",gap,-,,,,,ChIJL2GfLr01HTERcOCsmkANffM,CJ MORE ซีเจ มอร์ สาขาSP บ้านสวน,692,military_or_welfare_not_on_google,welfare/military commissary — usually not on Google Maps; nearest non-7-Eleven pin 692m: CJ MORE ซีเจ มอร์ สาขาSP บ้านสวน
RBA2000011,ร้านกิจการร้านค้าและการบริการ นย.,ถนนสุขุมวิท ต.สัตหีบ อ.สัตหีบ,SEMI WHOLESALE,12.675537,100.884027,"274,467.34",gap,-,,,,,ChIJlaEqeAeMAjERsev_v_CbYHU,Lotus's Sattahip,1610,military_or_welfare_not_on_google,welfare/military commissary — usually not on Google Maps; nearest non-7-Eleven pin 1610m: Lotus's Sattahip
RBA2000012,บริษัทเฟรนด์ชิพซุปเปอร์มาร์เก็ต จำกัด สำนักงานใหญ่,20/390 หมู่10 ถนนพัทยาใต้ ต.หนองปรือ อ.บางละมุง,SUPERMARKET,12.923612,100.879907,"365,810.37",covered,3_base_200m,ChIJeZjFRA2WAjERIcp3PUv4kbU,Friendship Supermarket,15,0.0,ChIJeZjFRA2WAjERIcp3PUv4kbU,Friendship Supermarket,15,auto_matched,"3_base_200m hit at 15m, sim 0.0"
RBA2000013,ร้านกิจการร้านค้าสวัสดิการภายใน กร.,21 หมู่2 หมู่บ้านกองเรือยุทธการ ต.สัตหีบ อ.สัตหีบ,SEMI WHOLESALE,12.666206,100.918327,"904,873.78",gap,-,,,,,ChIJy2RbFAiMAjERBLBHNqtxClE,Lotus's,1636,military_or_welfare_not_on_google,welfare/military commissary — usually not on Google Maps; nearest non-7-Eleven pin 1636m: Lotus's
RBA2000737,ร้านเฌอมินิมาร์ท,128 หมู่1 ต.บางละมุง อ.บางละมุง,Minimart,13.019343,100.93328,"4,865.56",gap,-,,,,,ChIJk5Q9DuC-AjERlWng0A-A8Y4,Mini Big C,791,true_gap,nearest non-7-Eleven pin: 791m (Mini Big C)
RBA2000738,ห้างหุ้นส่วนสามัญ เอส พี มินิมาร์ท,25/49-50 หมู่1 ถนนสุขุมวิท ต.พลูตาหลวง อ.สัตหีบ,Minimart,12.689707,100.977288,"32,367.68",covered,3_base_100m,ChIJT_ARmbWMAjERSJU5EeJfcoQ,7-Eleven,65,0.0,ChIJ5QKFibWMAjER1rfEOm-uPc4,Lotus’s U-Tapao,337,auto_matched,"3_base_100m hit at 65m, sim 0.0"
RBA2000744,หจก.ไพสาร  ใยทองคำ,"148/11,13 หมู่5 ต.สุรศักดิ์ อ.ศรีราชา",Minimart,13.15615167,100.9746033,"51,992.54",gap,-,,,,,ChIJuRsqicG3AjERWxoWdGA2mQc,Focus,1506,true_gap,nearest non-7-Eleven pin: 1506m (Focus)
RBA2000749,หจก.เคเค มินิมาร์ท,591 หมู่11 ต.หนองขาม อ.ศรีราชา,Minimart,13.32784833,101.0098583,"23,607.08",gap,-,,,,,ChIJNc08_tI1HTERBKLuY5EbeBs,CJ MORE ซีเจ มอร์ สาขาหนองข้างคอก,387,true_gap,nearest non-7-Eleven pin: 387m (CJ MORE ซีเจ มอร์ สาขาหนองข้างคอก)
RBA2000752,ร้านดี ดี มาร์ท,85/24 หมู่4 ต.พานทอง อ.พานทอง,Minimart,13.471803,101.09839,"11,291.18",gap,-,,,,,ChIJTY9u6nIxHTERWYe609PaXdY,CJ MORE ซีเจ มอร์ สาขาตลาดนัดชัยมงคล,1000,true_gap,nearest non-7-Eleven pin: 1000m (CJ MORE ซีเจ มอร์ สาขาตลาดนัดชัยมงคล)
RBA2000755,บริษัท ซุปเปอร์มาร์ท (2000) จำกัด สำนักงานใหญ่,"18,20,22 ถนนเจตต์อำนาจ ต.บ้านบึง อ.บ้านบึง",SUPERMARKET,13.311043,101.113748,"110,650.44",covered,3_base_200m,ChIJrRrbLckzHTERjL6h-xdO7X0,7-Eleven สาขา วิฑูรย์ดำริ (06332),41,0.02,ChIJ6wEX_bszHTER2JfyxGiS870,CJ MORE ซีเจ มอร์ สาขาวิฑูรย์ดำริ,358,auto_matched,"3_base_200m hit at 41m, sim 0.02"
RBA2000764,บริษัทสยามอินเตอร์โฮม จำกัด,316/3 หมู่12 ถนนทัพยา ต.หนองปรือ อ.บางละมุง,SUPERMARKET,12.905199,100.869636,"247,572.57",covered,3_base_200m,ChIJT3LoxGCWAjERqauSMdCGvBY,Food Mart,31,0.0,ChIJT3LoxGCWAjERqauSMdCGvBY,Food Mart,31,auto_matched,"3_base_200m hit at 31m, sim 0.0"
RBA2000776,ร้านกล่อมจิตร,187/3 ม.7 ต.พานทอง อ.พานทอง,Minimart,13.472363,101.101128,"32,704.72",gap,-,,,,,ChIJTY9u6nIxHTERWYe609PaXdY,CJ MORE ซีเจ มอร์ สาขาตลาดนัดชัยมงคล,1029,true_gap,nearest non-7-Eleven pin: 1029m (CJ MORE ซีเจ มอร์ สาขาตลาดนัดชัยมงคล)
RBA2000866,บริษัท ศิริโอสถ เมดมาร์ท จำกัด,7/4 ม.8 ตลาดเตาถ่าน ต.สัตหีบ อ.สัตหีบ,Minimart,12.762745,100.892149,"9,617.10",covered,3_base_100m,ChIJ10qqbPeNAjERwKe1Za6_x68,7-Eleven,79,0.0,ChIJgSlKIgCNAjERYKmuB_ZMj8k,Convenience store,24,auto_matched,"3_base_100m hit at 79m, sim 0.0"
RBA2000966,ร้านช.เจริญ,65-67 ต.พนัสนิคม อ.พนัสนิคม,Minimart,13.444847,101.181459,"6,893.92",covered,3_base_100m,ChIJxxECtusvHTERFHqh6v2DI28,7-Eleven สาขา พนัสนิคม (00496),40,0.0,ChIJMUMl_8YvHTERkFJ5IHwfPbY,CP Freshmart พนัสนิคม-ศรีกุญชร,215,auto_matched,"3_base_100m hit at 40m, sim 0.0"
RBA2000969,ร้านบ่อทองมาร์ท,155 หมู่1 ต.บ่อทอง อ.บ่อทอง,Minimart,13.282186,101.436949,"5,827.37",covered,3_base_100m,ChIJf8m04qosAzERgGpIsNL8nqQ,บ่อทอง มาร์ท Bo Thong Mart,28,0.35,ChIJf8m04qosAzERgGpIsNL8nqQ,บ่อทอง มาร์ท Bo Thong Mart,28,auto_matched,"3_base_100m hit at 28m, sim 0.35"
RBA2000972,ร้านชัยพรสรรพสินค้า,7/1-2 หมู่2 ต.บางเสร่ อ.สัตหีบ,Minimart,12.762709,100.892825,"5,171.22",covered,3_base_100m,ChIJ10qqbPeNAjERwKe1Za6_x68,7-Eleven,6,0.0,ChIJgSlKIgCNAjERYKmuB_ZMj8k,Convenience store,48,auto_matched,"3_base_100m hit at 6m, sim 0.0"
RBA2000976,ห้างหุ้นส่วนจำกัดไผ่สีทอง  มินิมาร์ท,4/32-33 ม.4 ต.ดอนหัวฬ่อ อ.เมืองชลบุรี,SUPERMARKET,13.374703,101.012072,"53,341.04",gap,-,,,,,ChIJw41qlXk1HTERXajZOilNwLU,ไทยฟู้ดส์ เฟรซ มาร์เก็ต สาขาตลาด SP,320,true_gap,nearest non-7-Eleven pin: 320m (ไทยฟู้ดส์ เฟรซ มาร์เก็ต สาขาตลาด SP)
RBA2004364,ร้านสหกรณ์ไทยออยล์ จำกัด,99/99 หมู่9 ต.บางพระ อ.ศรีราชา,Minimart,13.16093833,100.9311733,"8,835.56",gap,-,,,,,ChIJd1TOqVHIAjERNsYxm8TU1G8,Tops Robinson Sri Racha,775,true_gap,nearest non-7-Eleven pin: 775m (Tops Robinson Sri Racha)
RBA2004367,ร้านสหกรณ์ไทยออย์ จำกัด,42/1 หมู่2 ต.ทุ่งสุขลา อ.ศรีราชา,Minimart,13.109832,100.915683,"6,811.98",gap,-,,,,,ChIJn92w6Jq5AjER6rZfFBi5qwI,CJ MORE ซีเจ มอร์ สาขาแหลมฉบังทาวเวอร์,445,true_gap,nearest non-7-Eleven pin: 445m (CJ MORE ซีเจ มอร์ สาขาแหลมฉบังทาวเวอร์)
RBA2004550,ร้านโชคชัยสมบูรณ์ฟาร์มาซี,74/4 ม.4 ต.พานทอง อ.พานทอง,Minimart,13.472237,101.096182,"45,124.74",gap,-,,,,,ChIJTY9u6nIxHTERWYe609PaXdY,CJ MORE ซีเจ มอร์ สาขาตลาดนัดชัยมงคล,1130,true_gap,nearest non-7-Eleven pin: 1130m (CJ MORE ซีเจ มอร์ สาขาตลาดนัดชัยมงคล)
RBA2004636,ห้างหุ้นส่วนจำกัด เอ็น แอล ที เทรดดิ้ง 2554,17/36 ม.1 ต.หนองขาม อ.ศรีราชา,OTHERS (VAN),13.14931,100.94611,"35,443.49",gap,-,,,,,ChIJfUfjOFm3AjER-yEv3kbCthU,KTS Powder Coating,372,true_gap,nearest non-7-Eleven pin: 372m (KTS Powder Coating)
RBA2004639,บริษัท ศรีธิคำ มาร์เก็ตติ้ง จำกัด,2/39 ม.12 ต.นาป่า อ.เมืองชลบุรี,MOM AND POP LARGE,13.36397167,102.1926483,"44,906.52",gap,-,,,,,ChIJc0M-g0u3HDER--p5IjgzEww,T&W SHOP,52360,out_of_scrape_area,out of Chon Buri scrape area (nearest pin 52km)
RBA2004642,บริษัท รีเจ้นท์ พัทยา แคมปัส แมเนจเม้นท์ จำกัด,14/5 ม.3 ต.สุรศักดิ์ อ.ศรีราชา,MOM AND POP LARGE,13.3931307,101.2350859,"29,360.03",gap,-,,,,,ChIJszhAqH8vHTERgELJR6bqqZQ,CJ MORE ซีเจ มอร์ สาขาตลาดหมอนนาง,2850,true_gap,nearest non-7-Eleven pin: 2850m (CJ MORE ซีเจ มอร์ สาขาตลาดหมอนนาง)
RBA2004644,บริษัทฟาร์มสุกรพนัสโภคภัณฑ์ จำกัด,113 ม.3 ต.คลองกิ่ว อ.บ้านบึง,MOM AND POP LARGE,,,"168,733.44",no_coords,-,,,,,,,,needs_geocoding,needs geocoding
RBA2004651,ร้านนายดี งามเลิศ,85/28 ม.10 ต.หนองปรือ  อ.บางละมุง,OTHERS (VAN),13.393125,101.2350767,"589,585.02",gap,-,,,,,ChIJszhAqH8vHTERgELJR6bqqZQ,CJ MORE ซีเจ มอร์ สาขาตลาดหมอนนาง,2850,true_gap,nearest non-7-Eleven pin: 2850m (CJ MORE ซีเจ มอร์ สาขาตลาดหมอนนาง)
RBA2004655,บริษัทแฮปปี้ฮับ จำกัด(สาขา 1),88/88 ถนน บางคล้า-แปลงยาว ต.บางคล้า  อ.บางคล้า,OTHERS (VAN),13.374715,101.0120833,"22,965.89",gap,-,,,,,ChIJw41qlXk1HTERXajZOilNwLU,ไทยฟู้ดส์ เฟรซ มาร์เก็ต สาขาตลาด SP,322,true_gap,nearest non-7-Eleven pin: 322m (ไทยฟู้ดส์ เฟรซ มาร์เก็ต สาขาตลาด SP)
RBA2004657,เฮียสมบูรณ์,188/73 ม.2 ต.มาบข่า อ.นิคมพัฒนา,WHOLESALE,13.34507333,100.9848283,"5,007,598.98",covered,3_base_200m,ChIJpT2baAA1HTERxR3wXe1qoeQ,7-Eleven สาขา ถนนหนองข้างคอก-บ้านสวน (17977),40,0.0,ChIJs2Wa3ddLHTERhUDq_iotwTg,Mini Big C ตึกน้ำ,602,auto_matched,"3_base_200m hit at 40m, sim 0.0"
RBA2004659,ร้านโลมามินิมาร์ท,237-239-241-243-245 ถนน ชุมพล ต.หน้าเมือง  อ.เมืองฉะเชิงเทรา,MOM AND POP LARGE,13.33023833,101.08085,"5,259.70",gap,-,,,,,ChIJyUhVztczHTER9ohi8zreYe8,CJ MORE ซีเจ มอร์ สาขาบ้านโป่ง หนองซ้ำซาก,257,true_gap,nearest non-7-Eleven pin: 257m (CJ MORE ซีเจ มอร์ สาขาบ้านโป่ง หนองซ้ำซาก)
RBA2004660,ร้านตั้งจุ่งฮวด,217/1 หมู่.10 ซอย8 ถนน พัทยาสาย2 ต.หนองปรือ อ.บางละมุง,SUPERMARKET,13.39307333,101.23503,"9,688.32",gap,-,,,,,ChIJszhAqH8vHTERgELJR6bqqZQ,CJ MORE ซีเจ มอร์ สาขาตลาดหมอนนาง,2847,true_gap,nearest non-7-Eleven pin: 2847m (CJ MORE ซีเจ มอร์ สาขาตลาดหมอนนาง)
RBA2004662,ร้านบึงทองสโตร์,"517,519 ถนน ชลบุรี-บ้านบึง ต.บ้านบึง อ.บ้านบึง",SUPERMARKET,12.95641667,100.891055,"6,782.26",covered,3_base_200m,ChIJTy9c4ge-AjERHrE-NJFrGSE,7-Eleven,49,0.0,ChIJAWxg0P29AjERJcvyKLxrwWw,Best Supermarket,18,auto_matched,"3_base_200m hit at 49m, sim 0.0"
RBA2004663,กิจการร้านค้าสวัสดิการภายใน (กฝร.),2040 ม.1 ถ.สุขุมวิท ต.สัตหีบ อ.สัตหีบ,Minimart,12.658451,100.883264,"35,915.39",gap,-,,,,,ChIJUaEBYtuLAjERIQAAq6H_baE,Mini Big C,1878,REVIEW_navy_7eleven,"portfolio is a welfare/military commissary AND there is a 7-Eleven branch inside a navy/welfare shop only 228m away (7-Eleven สาขา ร้านค้าสวัสดิการภายในฐานทัพเรือสัตหีบ (02051)) — likely the SAME store, manual check needed"
RBA2004667,ร้านวิชิต,แผงตลาดสด ต.พนัสนิคม อ.พนัสนิคม,Minimart,13.443725,101.181386,"3,344.40",covered,3_base_100m,ChIJxxECtusvHTERFHqh6v2DI28,7-Eleven สาขา พนัสนิคม (00496),97,0.0,ChIJMUMl_8YvHTERkFJ5IHwfPbY,CP Freshmart พนัสนิคม-ศรีกุญชร,340,auto_matched,"3_base_100m hit at 97m, sim 0.0"
RBA2004669,ร้านกิจเจริญ,115 ต.พนัสนิคม อ.พนัสนิคม,SEMI WHOLESALE,13.448905,101.182183,"176,198.64",gap,-,,,,,ChIJMUMl_8YvHTERkFJ5IHwfPbY,CP Freshmart พนัสนิคม-ศรีกุญชร,246,true_gap,nearest non-7-Eleven pin: 246m (CP Freshmart พนัสนิคม-ศรีกุญชร)
RBA2004671,ร้าน มหาศักดิ์สวัสดิ์,252 หมู่1 ต.บ่อทอง อ.บ่อทอง,Minimart,13.282146,101.436785,278.64,covered,3_base_100m,ChIJf8m04qosAzERgGpIsNL8nqQ,บ่อทอง มาร์ท Bo Thong Mart,18,0.0,ChIJf8m04qosAzERgGpIsNL8nqQ,บ่อทอง มาร์ท Bo Thong Mart,18,auto_matched,"3_base_100m hit at 18m, sim 0.0"
RBA2004672,ร้านเฮงดี,179/78  ม.1 ต.ปะตง อ.สอยดาว,SUPERMARKET,12.67593667,101.214025,"29,985.81",covered,3_base_200m,ChIJybzOhOL7AjER22gG4p_7PW0,ทองมาเงินไป สาขาCJ.โรงพยาบาลกรุงเทพระยอง,11,0.0,ChIJybzOhOL7AjER22gG4p_7PW0,ทองมาเงินไป สาขาCJ.โรงพยาบาลกรุงเทพระยอง,11,auto_matched,"3_base_200m hit at 11m, sim 0.0"
RBA2004674,ร้านศศิวรรณ,333/40 หมู่ 7 ต.ทุ่งสุขลา อ.ศรีราชา,OTHERS (VAN),13.44486833,101.18007,"13,058.87",gap,-,,,,,ChIJMUMl_8YvHTERkFJ5IHwfPbY,CP Freshmart พนัสนิคม-ศรีกุญชร,263,true_gap,nearest non-7-Eleven pin: 263m (CP Freshmart พนัสนิคม-ศรีกุญชร)
RBA2004675,ร้านประกอบทรัพย์ 2,44 หมู่ที่ 3 ต.โคกปีบ อ.ศรีมโหสถ,MOM AND POP LARGE,14.05591167,101.3602033,"5,456.14",gap,-,,,,,ChIJwUtV6iQhHTERAUoHrCL2Bak,Mini Big C,53057,out_of_scrape_area,out of Chon Buri scrape area (nearest pin 53km)
RBA2004676,บริษัท สี่แยกเซ็นเตอร์ จำกัด,148/1 ม.1 ต.ห้างสูง อ.หนองใหญ่,SEMI WHOLESALE,13.261158,101.318005,"272,077.38",gap,-,,,,,ChIJNWN1UJrTAjERmfFL_QBuS0Y,Jiffy (จิฟฟี่) สาขาชลบุรี - บ้านบึง 4,9046,out_of_scrape_area,out of Chon Buri scrape area (nearest pin 8km)
RBA2004679,ร้านจริงใจพานิช,230 หมู่5 ต.ท่าบุญมี อ.เกาะจันทร์,Minimart,13.38711,101.286148,"174,192.00",covered,3_base_100m,ChIJj9nQoWQpHTER0dz-CW_b9wU,7-Eleven,77,0.0,ChIJR7zcMvspHTER6AC_3NVDjQ0,Mini Big C,176,auto_matched,"3_base_100m hit at 77m, sim 0.0"
RBA2004680,ร้านเล็ก,334 หมู่ 1 สวนอุตสาหกรรมศรีราชา ถนนสุขาภิบาล 8 ต.บึง อ.ศรีราชา,OTHERS (VAN),13.264185,100.934,"4,686.24",gap,-,,,,,ChIJd5fWCv20AjERWgTnrRXcWFk,Chamlong Shop,626,true_gap,nearest non-7-Eleven pin: 626m (Chamlong Shop)
RBA2004681,ร้านก.การค้า,40 หมู่ 1 ต.สัตหีบ,Minimart,12.6627399,100.8972704,"80,615.32",gap,-,,,,,ChIJUaEBYtuLAjERIQAAq6H_baE,Mini Big C,288,true_gap,nearest non-7-Eleven pin: 288m (Mini Big C)
RBA2004684,บริษัทที ที เอ็น เทรดดิ้ง จำกัด,218/7 ม.11 ต.ทุ่งสุขลา,SEMI WHOLESALE,13.37482333,101.0119967,"18,804.23",gap,-,,,,,ChIJw41qlXk1HTERXajZOilNwLU,ไทยฟู้ดส์ เฟรซ มาร์เก็ต สาขาตลาด SP,324,true_gap,nearest non-7-Eleven pin: 324m (ไทยฟู้ดส์ เฟรซ มาร์เก็ต สาขาตลาด SP)
RBA2004686,บจก.อนันต์เทรดดิ้ง(2025) สาขาสะพานสี่มาบยางพร,333/33 หมู่7 ต.บ่อวิน,Minimart,12.64168667,101.4940233,"52,778.61",gap,-,,,,,ChIJSSj8ZMQHAzERgGfJoIerUsM,CJ Supermarket,1323,true_gap,nearest non-7-Eleven pin: 1323m (CJ Supermarket)
RBA2004691,ร้านบุญศิริ,56 ต.หนองขาม อ.ศรีราชา,SEMI WHOLESALE,13.059582,100.994745,"290,709.12",gap,-,,,,,ChIJP8LekEDHAjERK9MoIE7V7gE,Lotus's Go Fresh nong khwae,1369,true_gap,nearest non-7-Eleven pin: 1369m (Lotus's Go Fresh nong khwae)
RBA2004695,บริษัท เฉลิมไทยดีพาร์ทเมนท์สโตร์ จำกัด สำนักงานใหญ,709 ถ.สุขุมวิท ต.มะขามหย่ง อ.เมืองชลบุรี,SEMI WHOLESALE,13.371085,100.990984,"322,994.91",gap,-,,,,,ChIJA4Fvqcg1HTERPD_Jv_BKW3Q,CJ MORE ซีเจ มอร์ สาขาตลาดใหม่ชลบุรี,507,true_gap,nearest non-7-Eleven pin: 507m (CJ MORE ซีเจ มอร์ สาขาตลาดใหม่ชลบุรี)
RBA2004722,บริษัทส.เปรมประเสริฐสุข จำกัด(สำนักงานใหญ),594/1-2 หมู่10 ถนนพัทยาใต้ ต.หนองปรือ อ.บางละมุง,Minimart,12.926742,100.875138,"26,271.91",gap,-,,,,,ChIJ-_7fBQCXAjERowacq_CPnis,Royal garden,496,true_gap,nearest non-7-Eleven pin: 496m (Royal garden)
RBA2004723,บริษัท เอกสโตร์แหลมฉบัง จำกัด,345/107หมู่ 10 ต.ทุ่งสุขลา อ.ศรีราชา,SEMI WHOLESALE,13.082202,100.936862,"39,206.52",gap,-,,,,,ChIJo3dwGwC5AjEREqkVnBulsts,Lotus's go fresh แหลมฉบังใต้ 3729,445,true_gap,nearest non-7-Eleven pin: 445m (Lotus's go fresh แหลมฉบังใต้ 3729)
RBA2005513,บริษัท ศรีธิคำ มาร์เกตติ้ง จำกัด,57/5 หมู่ 6 ต.หนองปลาไหล อ.บางละมุง,SEMI WHOLESALE,12.992057,100.932934,"276,078.72",gap,-,,,,,ChIJSWyhYBu_AjEROGhwRT3xdmQ,MR. D.I.Y. สาขาอรรถพร มาร์เก็ต บางละมุง ชลบุรี,998,true_gap,nearest non-7-Eleven pin: 998m (MR. D.I.Y. สาขาอรรถพร มาร์เก็ต บางละมุง ชลบุรี)
RBA2005521,ร้านสวัสดิการ สอ.รฝ.,ค่าย สอ.รฝ. ต.สัตหีบ อ.สัตหีบ,Minimart,12.638588,100.939572,"17,409.15",gap,-,,,,,ChIJmxvxaCuLAjERhk7UKt62XPQ,CJ MORE ซีเจ มอร์ สาขาสัตหีบ กม.5,3200,military_or_welfare_not_on_google,welfare/military commissary — usually not on Google Maps; nearest non-7-Eleven pin 3200m: CJ MORE ซีเจ มอร์ สาขาสัตหีบ กม.5
RBA2005535,บริษัท อนันต์ ซุปเปอร์สโตร์  จำกัด,256/501 หมู่3 ต.บ่อวิน อ.ศรีราชา,Minimart,13.008163,101.070853,"84,083.61",covered,3_base_100m,ChIJVYCL5PbBAjERNWFt5dwBJas,7-Eleven สาขา สุนิมิต (โป่งสะเก็ด) (05594),51,0.0,ChIJM4v2IQDBAjERibP1OBd28js,Reyoung,721,auto_matched,"3_base_100m hit at 51m, sim 0.0"
RBA2005635,ชัยสวัสดิ์พาณิชยกิจ,85/28 หมู่ 10 ต.หนองปรือ อ.บางละมุง,SEMI WHOLESALE,12.919951,100.918178,"127,665.84",gap,-,,,,,ChIJ3e8ML7-VAjERJDO3q1vbTGc,Lotus's Go Fresh,533,true_gap,nearest non-7-Eleven pin: 533m (Lotus's Go Fresh)
RBA2005649,ห้างหุ้นส่วนจำกัด เทพภูชิชย์,244/105 หมู่6 ต.หนองปรือ อ.บางละมุง,SEMI WHOLESALE,12.923264,100.925306,"37,229.52",gap,-,,,,,ChIJuw1YQgCVAjERU66_Rno15D0,Lotus Go Fresh,803,true_gap,nearest non-7-Eleven pin: 803m (Lotus Go Fresh)
RBA2005656,บริษัท พร้อมส่ง หนองใหญ่ จำกัด,42 ม.1 ต.หนองใหญ่ อ.หนองใหญ่,Minimart,13.156548,101.378697,"589,212.00",gap,-,,,,,ChIJwVxXMCspAzERuQtEimq5mCc,CJ MORE ซีเจ มอร์ สาขาหนองเสือช้าง,4283,true_gap,nearest non-7-Eleven pin: 4283m (CJ MORE ซีเจ มอร์ สาขาหนองเสือช้าง)
RBA2005665,บริษัท​  ศรีราชามงคลชัย​ จำกัด​,333/9 ม.6 ต.สุรศักดิ์ อ.ศรีราชา,WHOLESALE,13.362535,101.01528,"2,430.72",gap,-,,,,,ChIJl2mj_9k1HTERVxxzRErutv0,CJ MORE ซีเจ มอร์ สาขาบ้านสวน-เศรษฐกิจ 30,1199,true_gap,nearest non-7-Eleven pin: 1199m (CJ MORE ซีเจ มอร์ สาขาบ้านสวน-เศรษฐกิจ 30)
RBA2005788,ห้างหุ้นส่วน​จำกัด​ ทิชชู่​ชลบุรี​ สำนักงานใหญ่,54/8 ม.2 ต.บ้านสวน อ.เมืองชลบุรี,SEMI WHOLESALE,13.34512333,100.9848667,"111,978.43",covered,3_base_200m,ChIJpT2baAA1HTERxR3wXe1qoeQ,7-Eleven สาขา ถนนหนองข้างคอก-บ้านสวน (17977),39,0.08,ChIJs2Wa3ddLHTERhUDq_iotwTg,Mini Big C ตึกน้ำ,606,auto_matched,"3_base_200m hit at 39m, sim 0.08"
RBA2005789,บริษัท​ โสภณ​อีส​เทิร์น​เท​รดดิ้ง​ จำกัด,99/9 ​ม.6 ต.หนองปลาไหล อ.บางละมุง,Minimart,12.70861167,101.1710333,"42,115.04",gap,-,,,,,ChIJq5UV2zD7AjERAptgX6cPnbU,Mini Big C Sukhumvit-Rayong 38,425,true_gap,nearest non-7-Eleven pin: 425m (Mini Big C Sukhumvit-Rayong 38)
RBA2005790,บริษัท​ เบสท์​ แฟคตอรี่​ เอาท์เล็ท​ จำกัด,629​ ม.11​ ถ.สุขาภิบาล​ 8 ต.หนองขาม อ.ศรีราชา,SUPERMARKET,12.708705,101.1709567,"18,271.98",gap,-,,,,,ChIJq5UV2zD7AjERAptgX6cPnbU,Mini Big C Sukhumvit-Rayong 38,412,true_gap,nearest non-7-Eleven pin: 412m (Mini Big C Sukhumvit-Rayong 38)
RBA2005791,บริษัท​ สี่แยก​เซ็นเตอร์​  จำกัด,485  ถนนสุขุมวิท​ ต.แสนสุข อ.เมืองชลบุรี,SEMI WHOLESALE,13.264544,100.933924,"39,120.96",gap,-,,,,,ChIJd5fWCv20AjERWgTnrRXcWFk,Chamlong Shop,587,true_gap,nearest non-7-Eleven pin: 587m (Chamlong Shop)
RBA2005795,บริษัท​ ศรีธิคำ​ มาร์เก็ต​ติ้ง​ จำ​กัด​,142/5 ม.3 ต.บึง อ.ศรีราชา,SEMI WHOLESALE,13.081787,100.997113,"33,383.64",covered,3_base_200m,ChIJUwOTVJnHAjERAYhF7IbkxEY,7-Eleven,113,0.0,ChIJEzBZDZ_HAjER-KkZ5hce6xU,Express ตลาดวรกิจ,552,auto_matched,"3_base_200m hit at 113m, sim 0.0"
RBA2005801,บริษัทเบ็ดเตล็ด​ สโตร์​ แหลมฉบัง​ จำกัด,27​ ม.10 ต.ทุ่งสุขลา อ.ศรีราชา,SEMI WHOLESALE,13.08778,100.919407,"47,106.15",gap,-,,,,,ChIJUbAdZKe5AjERAaWhUqvCqvU,Makro Food Service Laem Chabang,811,true_gap,nearest non-7-Eleven pin: 811m (Makro Food Service Laem Chabang)
RBA2005802,บริษัท​ เบ็ดเตล็ด​ สโตร์​ 8​ ปิ่นทอง​ จำกัด,492/185 หมู่ที่10 ต.หนองขาม อ.ศรีราชา,Minimart,13.12473667,101.0015933,"76,630.67",gap,-,,,,,ChIJ8bvaUubJAjERRrkgyXVMo4c,CJ MORE ซีเจ มอร์ สาขาเจ้าพระยาสุรศักดิ์,362,true_gap,nearest non-7-Eleven pin: 362m (CJ MORE ซีเจ มอร์ สาขาเจ้าพระยาสุรศักดิ์)
RBA2005817,บริษัท​ เดอะ​ เบเวอร์ลี​ โฮเทล คอร์ปอเรชั่น​ จำกัด,59/35  ม.10​ ถ.พระตำหนัก​ ต.หนองปรือ อ.บางละมุง,SUPERMARKET,12.946135,100.8913317,"55,699.20",covered,3_base_200m,ChIJawhMIAC-AjERbJumlQjqjL8,7-Eleven,103,0.0,ChIJPYcK4_-9AjERIHI1O6v5wCg,Big C Supercenter Central Marina Outlet,58,auto_matched,"3_base_200m hit at 103m, sim 0.0"
RBA2006025,ภาวินช็อป,94/7 หมู่2 ต.บางพระ อ.ศรีราชา,Minimart,13.21249,100.943287,"15,667.65",covered,3_base_100m,ChIJU65q73i2AjER91_OgISIrPg,7-Eleven,99,0.0,ChIJWQLh6Nq3AjER7PsXIE0N6Do,CJ MORE ซีเจ มอร์ สาขาเลียบรางรถไฟบางพระ,442,auto_matched,"3_base_100m hit at 99m, sim 0.0"
RBA2006026,ร้านซูเปอร์,70 หมู่2 ต.บางพระ อ.ศรีราชา,Minimart,13.218488,100.94111,"13,024.47",gap,-,,,,,ChIJT-5W8tK1AjERkV6FgUoHu58,Lotus's Go Fresh Market Bang Phra,426,true_gap,nearest non-7-Eleven pin: 426m (Lotus's Go Fresh Market Bang Phra)
RBA2006028,บริษัท เบสท์ แฟคตอรี่ เอาท์เล็ท จำกัด,629 หมู่11 ถนนสุขาภิบาล8 ต.หนองขาม อ.ศรีราชา,OTHERS (CREDIT),13.0818159,100.936024,"52,870.62",gap,-,,,,,ChIJo3dwGwC5AjEREqkVnBulsts,Lotus's go fresh แหลมฉบังใต้ 3729,383,true_gap,nearest non-7-Eleven pin: 383m (Lotus's go fresh แหลมฉบังใต้ 3729)
RBA2006283,ศรีราชามาร์ทวังหิน,26/309 ม.1 ต.สุรศักดิ์ อ.ศรีราชา,Minimart,12.66391833,101.2430917,"38,552.16",gap,-,,,,,ChIJAyTgnSH7AjERQlKCBLX6eEk,Pand Brandy Rayong,1427,true_gap,nearest non-7-Eleven pin: 1427m (Pand Brandy Rayong)
RBA2006324,ร้านสหกรณ์กองบัญชาการช่วยรบที่1 จำกัด,480 หมู่ 1 ต.เกาะจันทร์ อ.เกาะจันทร์,Minimart,13.001465,101.0762617,"7,555.27",gap,-,,,,,ChIJRfbjo5jDAjERNmAc86xpYvo,CJ MORE ซีเจ มอร์ สาขาโป่งสะเก็ด,877,true_gap,nearest non-7-Eleven pin: 877m (CJ MORE ซีเจ มอร์ สาขาโป่งสะเก็ด)
RBA2006338,บริษัท ซีโน คอนดอม จำกัด (สำนักงานใหญ่),34/176 ม.2 ต.หนองปรือ อ.บางละมุง,B2B,12.70867833,101.170965,"534,087.72",gap,-,,,,,ChIJq5UV2zD7AjERAptgX6cPnbU,Mini Big C Sukhumvit-Rayong 38,415,true_gap,nearest non-7-Eleven pin: 415m (Mini Big C Sukhumvit-Rayong 38)
RBA2006340,โลมามินิมาร์ท,207/356 ม.11 ต.หนองขาม อ.ศรีราชา,Minimart,12.7087155,101.1710227,"20,157.62",gap,-,,,,,ChIJq5UV2zD7AjERAptgX6cPnbU,Mini Big C Sukhumvit-Rayong 38,418,true_gap,nearest non-7-Eleven pin: 418m (Mini Big C Sukhumvit-Rayong 38)
RBA2006343,บริษัท มีดี ศรีราชา จำกัด (สำนักงานใหญ่),"45,47,67/2-5 ถ.สุรศักดิ์1 ต.ศรีราชา อ.ศรีราชา",Minimart,13.16094833,100.9317167,"25,034.92",gap,-,,,,,ChIJd1TOqVHIAjERNsYxm8TU1G8,Tops Robinson Sri Racha,782,true_gap,nearest non-7-Eleven pin: 782m (Tops Robinson Sri Racha)
RBA2006347,บริษัท นิธิ ออล จำกัด (สำนักงานใหญ่),9 ถ.สุรศักดิ์1 ต.ศรีราชา อ.ศรีราชา,SUPERMARKET,13.16104667,100.93132,"1,972.80",gap,-,,,,,ChIJd1TOqVHIAjERNsYxm8TU1G8,Tops Robinson Sri Racha,765,true_gap,nearest non-7-Eleven pin: 765m (Tops Robinson Sri Racha)
RBA2006348,มิตรอารีย์ เทรดเดอร์,125/48 ม.3 ต.บ่อวิน อ.ศรีราชา,SUPERMARKET,12.70864667,101.17102,"38,407.86",gap,-,,,,,ChIJq5UV2zD7AjERAptgX6cPnbU,Mini Big C Sukhumvit-Rayong 38,421,true_gap,nearest non-7-Eleven pin: 421m (Mini Big C Sukhumvit-Rayong 38)
RBA2006350,พัทยา บิวตี้ (สำนักงานใหญ่),32/17-18 ม.10 ถ.พัทยาใต้ ต.หนองปรือ อ.บางละมุง,Minimart,12.90677833,100.89696,"227,279.76",covered,3_base_100m,ChIJz2teONGVAjERMXkXR23JhFk,Jiffy,49,0.0,ChIJz2teONGVAjERMXkXR23JhFk,Jiffy,49,auto_matched,"3_base_100m hit at 49m, sim 0.0"
RBA2006353,บริษัท สี่แยกเซนเตอร์ จำกัด,18/1 ม.8 ต.มาบโป่ง อ.พานทอง,SEMI WHOLESALE,13.00131833,101.07625,"32,144.76",gap,-,,,,,ChIJRfbjo5jDAjERNmAc86xpYvo,CJ MORE ซีเจ มอร์ สาขาโป่งสะเก็ด,885,true_gap,nearest non-7-Eleven pin: 885m (CJ MORE ซีเจ มอร์ สาขาโป่งสะเก็ด)
RBA2006355,บริษัท ศรีธิคำ มาร์เก็ตติ้ง จำกัด,226/90 ม.4 ต.นาจอมเทียน อ.สัตหีบ,SEMI WHOLESALE,13.98980167,101.7177167,"22,224.12",gap,-,,,,,ChIJzxoJlS3PHDERnzms8cySL6c,CJ MORE ซีเจ มอร์ สาขาท่าตะเกียบ,61897,out_of_scrape_area,out of Chon Buri scrape area (nearest pin 61km)
RBA2006356,บริษัท ศรีธิคำ มาร์เก็ตติ้ง จำกัด,57/5 ม.6 ต.หนองปลาไหล อ.บางละมุง,SEMI WHOLESALE,12.965165,100.9188533,"56,758.44",gap,-,,,,,ChIJJ_FD6B-_AjERNN7tiq6c-ok,CJ More (Chaiyapruek),500,true_gap,nearest non-7-Eleven pin: 500m (CJ More (Chaiyapruek))
RBA2004690,บริษัทสรรพสินค้าชลบุรี จำกัด,117/21 หมู่ 15 ต.บางเสาธง อ.บางเสาธง จ.สมุทรปราการ ,SEMI WHOLESALE,13.21326167,100.9437067,"27,964.44",covered,3_base_200m,ChIJU65q73i2AjER91_OgISIrPg,7-Eleven,84,0.0,ChIJWQLh6Nq3AjER7PsXIE0N6Do,CJ MORE ซีเจ มอร์ สาขาเลียบรางรถไฟบางพระ,398,auto_matched,"3_base_200m hit at 84m, sim 0.0"
RBA2004692,ร้านแบล็ค แอนด์ บราวน์,115 ม.2 ต.บางพระ อ.ศรีราชา จ.ชลบุรี ,OTHERS (VAN),13.146438,100.9550416,"348,384.00",gap,-,,,,,ChIJ1fTDkkW3AjERFNKhvGHodp0,CJ MORE ซีเจ มอร์ สาขาหนองยายบู่,200,REVIEW_close_no_name_match,nearest pin only 55m away (7-Eleven สาขา ตลาดโรงกระถาง (11253)) — could be same store; bigram sim 0.0
RBA2004693,ร้านชายน้อย1,217/18 หมู่ 10 ซอย8 ถนนชายหาด ต.หนองปรือ อ.บางละมุง จ.ชลบุรี ,MOM AND POP LARGE,13.374928,101.0119683,"40,475.52",gap,-,,,,,ChIJw41qlXk1HTERXajZOilNwLU,ไทยฟู้ดส์ เฟรซ มาร์เก็ต สาขาตลาด SP,331,true_gap,nearest non-7-Eleven pin: 331m (ไทยฟู้ดส์ เฟรซ มาร์เก็ต สาขาตลาด SP)
RBA2004716,ร้านใช้ฮั้วเฮง,117 ต.คลองกิ่ว อ.บ้านบึง จ.ชลบุรี ,MINIMART,13.250152,101.155341,"103,572.00",gap,-,,,,,ChIJa5htNqTNAjERUxnmxderKpA,Mini Big C,405,true_gap,nearest non-7-Eleven pin: 405m (Mini Big C)
