store_id,store_name,address,postal_code,city,account,district,region,lat,lng,category,annual_sales_usd,lines_per_store,fsm,sr,rating,review_count,price_level,place_id,phone,opening_hours,website,enrichment_attempted
CPD2000012,บริษัทฟู้ดแลนด์ซุปเปอร์มาร์เก็ต จำกัด,190/16 หมู่9 ถนนพัทยากลาง ต.หนองปรือ อ.บางละมุง,20150,Chon Buri,SUPERMARKET,,East,,,SUPERMARKET,"415,759.72",19.08,,CPDC01,,1,,,,,,
CPD2000014,บริษัทฟู้ดแลนด์ซุปเปอร์มาร์เก็ต จำกัด,777 หมู่ที่6 ต.นาเกลือ อ.บางละมุง,20150,Chon Buri,SUPERMARKET,,East,,,SUPERMARKET,"210,748.93",11.83,,CPDC01,,,,,,,,
RBA2000009,บริษัทเบสท์(พัทยา)คอร์เนอร์ จำกัด,500/555 หมู่5 ต.นาเกลือ อ.บางละมุง,20150,Chon Buri,SUPERMARKET,,East,12.951342,100.888435,SUPERMARKET,"247,431.70",22.92,,RBAC02,,,,,,,,
RBA2000010,ร้านค้าสวัสดิการ​ศูนย์​ฝึก​ทหาร​ใหม่​,160/4​ ม.5 ต.บางเสร่ อ.สัตหีบ,20250,Chon Buri,Minimart,,East,13.369755,101.004092,Minimart,"9,195.72",2.67,,RBAC03,,,,,,,,
RBA2000011,ร้านกิจการร้านค้าและการบริการ นย.,ถนนสุขุมวิท ต.สัตหีบ อ.สัตหีบ,20180,Chon Buri,SEMI WHOLESALE,,East,12.675537,100.884027,SEMI WHOLESALE,"274,467.34",27,,RBAC03,,,,,,,,
RBA2000012,บริษัทเฟรนด์ชิพซุปเปอร์มาร์เก็ต จำกัด สำนักงานใหญ่,20/390 หมู่10 ถนนพัทยาใต้ ต.หนองปรือ อ.บางละมุง,20150 (สำนักงานใหญ่),Chon Buri,SUPERMARKET,,East,12.923612,100.879907,SUPERMARKET,"365,810.37",38.83,,RBAC02,,,,,,,,
RBA2000013,ร้านกิจการร้านค้าสวัสดิการภายใน กร.,21 หมู่2 หมู่บ้านกองเรือยุทธการ ต.สัตหีบ อ.สัตหีบ,20180,Chon Buri,SEMI WHOLESALE,,East,12.666206,100.918327,SEMI WHOLESALE,"904,873.78",36.83,,RBAC01,,,,,,,,
RBA2000737,ร้านเฌอมินิมาร์ท,128 หมู่1 ต.บางละมุง อ.บางละมุง,20150,Chon Buri,Minimart,,East,13.019343,100.93328,Minimart,"4,865.56",2.33,,RBAC02,,,,,,,,
RBA2000738,ห้างหุ้นส่วนสามัญ เอส พี มินิมาร์ท,25/49-50 หมู่1 ถนนสุขุมวิท ต.พลูตาหลวง อ.สัตหีบ,20180,Chon Buri,Minimart,,East,12.689707,100.977288,Minimart,"32,367.68",10.25,,RBAC03,,,,,,,,
RBA2000744,หจก.ไพสาร  ใยทองคำ,"148/11,13 หมู่5 ต.สุรศักดิ์ อ.ศรีราชา",20110,Chon Buri,Minimart,,East,13.15615167,100.9746033,Minimart,"51,992.54",3.67,,RBAC02,,,,,,,,
RBA2000749,หจก.เคเค มินิมาร์ท,591 หมู่11 ต.หนองขาม อ.ศรีราชา,20110,Chon Buri,Minimart,,East,13.32784833,101.0098583,Minimart,"23,607.08",6.08,,RBAC02,,,,,,,,
RBA2000752,ร้านดี ดี มาร์ท,85/24 หมู่4 ต.พานทอง อ.พานทอง,20160,Chon Buri,Minimart,,East,13.471803,101.09839,Minimart,"11,291.18",3.17,,RBAC02,,,,,,,,
RBA2000755,บริษัท ซุปเปอร์มาร์ท (2000) จำกัด สำนักงานใหญ่,"18,20,22 ถนนเจตต์อำนาจ ต.บ้านบึง อ.บ้านบึง",20170,Chon Buri,SUPERMARKET,,East,13.311043,101.113748,SUPERMARKET,"110,650.44",17.08,,RBAC02,,,,,,,,
RBA2000764,บริษัทสยามอินเตอร์โฮม จำกัด,316/3 หมู่12 ถนนทัพยา ต.หนองปรือ อ.บางละมุง,20150,Chon Buri,SUPERMARKET,,East,12.905199,100.869636,SUPERMARKET,"247,572.57",26.92,,RBAC02,,,,,,,,
RBA2000776,ร้านกล่อมจิตร,187/3 ม.7 ต.พานทอง อ.พานทอง,20160,Chon Buri,Minimart,,East,13.472363,101.101128,Minimart,"32,704.72",5.33,,RBAC02,,,,,,,,
RBA2000866,บริษัท ศิริโอสถ เมดมาร์ท จำกัด,7/4 ม.8 ตลาดเตาถ่าน ต.สัตหีบ อ.สัตหีบ,20180,Chon Buri,Minimart,,East,12.762745,100.892149,Minimart,"9,617.10",1.25,,RBAC03,,,,,,,,
RBA2000966,ร้านช.เจริญ,65-67 ต.พนัสนิคม อ.พนัสนิคม,20140,Chon Buri,Minimart,,East,13.444847,101.181459,Minimart,"6,893.92",2.67,,RBAC02,,,,,,,,
RBA2000969,ร้านบ่อทองมาร์ท,155 หมู่1 ต.บ่อทอง อ.บ่อทอง,20270,Chon Buri,Minimart,,East,13.282186,101.436949,Minimart,"5,827.37",5.17,,RBAC02,,,,,,,,
RBA2000972,ร้านชัยพรสรรพสินค้า,7/1-2 หมู่2 ต.บางเสร่ อ.สัตหีบ,20180,Chon Buri,Minimart,,East,12.762709,100.892825,Minimart,"5,171.22",2.25,,RBAC03,,,,,,,,
RBA2000976,ห้างหุ้นส่วนจำกัดไผ่สีทอง  มินิมาร์ท,4/32-33 ม.4 ต.ดอนหัวฬ่อ อ.เมืองชลบุรี,20000,Chon Buri,SUPERMARKET,,East,13.374703,101.012072,SUPERMARKET,"53,341.04",15.92,,RBAC02,,,,,,,,
RBA2004364,ร้านสหกรณ์ไทยออยล์ จำกัด,99/99 หมู่9 ต.บางพระ อ.ศรีราชา,20110,Chon Buri,Minimart,,East,13.16093833,100.9311733,Minimart,"8,835.56",4.17,,RBAC02,,,,,,,,
RBA2004367,ร้านสหกรณ์ไทยออย์ จำกัด,42/1 หมู่2 ต.ทุ่งสุขลา อ.ศรีราชา,20230,Chon Buri,Minimart,,East,13.109832,100.915683,Minimart,"6,811.98",2.42,,RBAC02,,,,,,,,
RBA2004550,ร้านโชคชัยสมบูรณ์ฟาร์มาซี,74/4 ม.4 ต.พานทอง อ.พานทอง,20160,Chon Buri,Minimart,,East,13.472237,101.096182,Minimart,"45,124.74",4.17,,RBAC02,,,,,,,,
RBA2004636,ห้างหุ้นส่วนจำกัด เอ็น แอล ที เทรดดิ้ง 2554,17/36 ม.1 ต.หนองขาม อ.ศรีราชา,20230,Chon Buri,OTHERS (VAN),,East,13.14931,100.94611,OTHERS (VAN),"35,443.49",0.33,,RBAC02,,,,,,,,
RBA2004639,บริษัท ศรีธิคำ มาร์เก็ตติ้ง จำกัด,2/39 ม.12 ต.นาป่า อ.เมืองชลบุรี,20000,Chon Buri,MOM AND POP LARGE,,East,13.36397167,102.1926483,MOM AND POP LARGE,"44,906.52",2.25,,RBAC01,,,,,,,,
RBA2004642,บริษัท รีเจ้นท์ พัทยา แคมปัส แมเนจเม้นท์ จำกัด,14/5 ม.3 ต.สุรศักดิ์ อ.ศรีราชา,20110,Chon Buri,MOM AND POP LARGE,,East,13.3931307,101.2350859,MOM AND POP LARGE,"29,360.03",6.08,,RBAC02,,,,,,,,
RBA2004644,บริษัทฟาร์มสุกรพนัสโภคภัณฑ์ จำกัด,113 ม.3 ต.คลองกิ่ว อ.บ้านบึง,20170,Chon Buri,MOM AND POP LARGE,,East,,,MOM AND POP LARGE,"168,733.44",0.67,,RBAC02,,,,,,,,
RBA2004651,ร้านนายดี งามเลิศ,85/28 ม.10 ต.หนองปรือ  อ.บางละมุง,20150,Chon Buri,OTHERS (VAN),,East,13.393125,101.2350767,OTHERS (VAN),"589,585.02",3.75,,RBAC02,,,,,,,,
RBA2004655,บริษัทแฮปปี้ฮับ จำกัด(สาขา 1),88/88 ถนน บางคล้า-แปลงยาว ต.บางคล้า  อ.บางคล้า,24110,Chon Buri,OTHERS (VAN),,East,13.374715,101.0120833,OTHERS (VAN),"22,965.89",4.25,,RBAC04,,,,,,,,
RBA2004657,เฮียสมบูรณ์,188/73 ม.2 ต.มาบข่า อ.นิคมพัฒนา,21180,Chon Buri,WHOLESALE,,East,13.34507333,100.9848283,WHOLESALE,"5,007,598.98",27.08,,RBAC02,,,,,,,,
RBA2004659,ร้านโลมามินิมาร์ท,237-239-241-243-245 ถนน ชุมพล ต.หน้าเมือง  อ.เมืองฉะเชิงเทรา,24000,Chon Buri,MOM AND POP LARGE,,East,13.33023833,101.08085,MOM AND POP LARGE,"5,259.70",1,,RBAC04,,,,,,,,
RBA2004660,ร้านตั้งจุ่งฮวด,217/1 หมู่.10 ซอย8 ถนน พัทยาสาย2 ต.หนองปรือ อ.บางละมุง,20150,Chon Buri,SUPERMARKET,,East,13.39307333,101.23503,SUPERMARKET,"9,688.32",0.58,,RBAC02,,,,,,,,
RBA2004662,ร้านบึงทองสโตร์,"517,519 ถนน ชลบุรี-บ้านบึง ต.บ้านบึง อ.บ้านบึง",20170,Chon Buri,SUPERMARKET,,East,12.95641667,100.891055,SUPERMARKET,"6,782.26",0.17,,RBAC02,,,,,,,,
RBA2004663,กิจการร้านค้าสวัสดิการภายใน (กฝร.),2040 ม.1 ถ.สุขุมวิท ต.สัตหีบ อ.สัตหีบ,20180,Chon Buri,Minimart,,East,12.658451,100.883264,Minimart,"35,915.39",11.5,,RBAC03,,,,,,,,
RBA2004667,ร้านวิชิต,แผงตลาดสด ต.พนัสนิคม อ.พนัสนิคม,20140,Chon Buri,Minimart,,East,13.443725,101.181386,Minimart,"3,344.40",0.17,,RBAC02,,,,,,,,
RBA2004669,ร้านกิจเจริญ,115 ต.พนัสนิคม อ.พนัสนิคม,20140,Chon Buri,SEMI WHOLESALE,,East,13.448905,101.182183,SEMI WHOLESALE,"176,198.64",0.75,,RBAC02,,,,,,,,
RBA2004671,ร้าน มหาศักดิ์สวัสดิ์,252 หมู่1 ต.บ่อทอง อ.บ่อทอง,20270,Chon Buri,Minimart,,East,13.282146,101.436785,Minimart,278.64,0.83,,RBAC02,,,,,,,,
RBA2004672,ร้านเฮงดี,179/78  ม.1 ต.ปะตง อ.สอยดาว,22180,Chon Buri,SUPERMARKET,,East,12.67593667,101.214025,SUPERMARKET,"29,985.81",9.33,,RBAC03,,,,,,,,
RBA2004674,ร้านศศิวรรณ,333/40 หมู่ 7 ต.ทุ่งสุขลา อ.ศรีราชา,20230,Chon Buri,OTHERS (VAN),,East,13.44486833,101.18007,OTHERS (VAN),"13,058.87",0.17,,RBAC02,,,,,,,,
RBA2004675,ร้านประกอบทรัพย์ 2,44 หมู่ที่ 3 ต.โคกปีบ อ.ศรีมโหสถ,25190,Chon Buri,MOM AND POP LARGE,,East,14.05591167,101.3602033,MOM AND POP LARGE,"5,456.14",2.67,,RBAC04,,,,,,,,
RBA2004676,บริษัท สี่แยกเซ็นเตอร์ จำกัด,148/1 ม.1 ต.ห้างสูง อ.หนองใหญ่,20190,Chon Buri,SEMI WHOLESALE,,East,13.261158,101.318005,SEMI WHOLESALE,"272,077.38",8.5,,RBAC02,,,,,,,,
RBA2004679,ร้านจริงใจพานิช,230 หมู่5 ต.ท่าบุญมี อ.เกาะจันทร์,20240,Chon Buri,Minimart,,East,13.38711,101.286148,Minimart,"174,192.00",0.42,,RBAC02,,,,,,,,
RBA2004680,ร้านเล็ก,334 หมู่ 1 สวนอุตสาหกรรมศรีราชา ถนนสุขาภิบาล 8 ต.บึง อ.ศรีราชา,20230,Chon Buri,OTHERS (VAN),,East,13.264185,100.934,OTHERS (VAN),"4,686.24",0.42,,RBAC02,,,,,,,,
RBA2004681,ร้านก.การค้า,40 หมู่ 1 ต.สัตหีบ,20180,Chon Buri,Minimart,,East,12.6627399,100.8972704,Minimart,"80,615.32",3.08,,RBAC03,,,,,,,,
RBA2004684,บริษัทที ที เอ็น เทรดดิ้ง จำกัด,218/7 ม.11 ต.ทุ่งสุขลา,20230,Chon Buri,SEMI WHOLESALE,,East,13.37482333,101.0119967,SEMI WHOLESALE,"18,804.23",5.17,,RBAC02,,,,,,,,
RBA2004686,บจก.อนันต์เทรดดิ้ง(2025) สาขาสะพานสี่มาบยางพร,333/33 หมู่7 ต.บ่อวิน,20230,Chon Buri,Minimart,,East,12.64168667,101.4940233,Minimart,"52,778.61",10.67,,RBAC03,,,,,,,,
RBA2004691,ร้านบุญศิริ,56 ต.หนองขาม อ.ศรีราชา,20110,Chon Buri,SEMI WHOLESALE,,East,13.059582,100.994745,SEMI WHOLESALE,"290,709.12",1.25,,RBAC02,,,,,,,,
RBA2004695,บริษัท เฉลิมไทยดีพาร์ทเมนท์สโตร์ จำกัด สำนักงานใหญ,709 ถ.สุขุมวิท ต.มะขามหย่ง อ.เมืองชลบุรี,20000,Chon Buri,SEMI WHOLESALE,,East,13.371085,100.990984,SEMI WHOLESALE,"322,994.91",40.92,,RBAC02,,,,,,,,
RBA2004722,บริษัทส.เปรมประเสริฐสุข จำกัด(สำนักงานใหญ),594/1-2 หมู่10 ถนนพัทยาใต้ ต.หนองปรือ อ.บางละมุง,20150,Chon Buri,Minimart,,East,12.926742,100.875138,Minimart,"26,271.91",3.08,,RBAC02,,,,,,,,
RBA2004723,บริษัท เอกสโตร์แหลมฉบัง จำกัด,345/107หมู่ 10 ต.ทุ่งสุขลา อ.ศรีราชา,20230,Chon Buri,SEMI WHOLESALE,,East,13.082202,100.936862,SEMI WHOLESALE,"39,206.52",2.5,,RBAC02,,,,,,,,
RBA2005513,บริษัท ศรีธิคำ มาร์เกตติ้ง จำกัด,57/5 หมู่ 6 ต.หนองปลาไหล อ.บางละมุง,20150,Chon Buri,SEMI WHOLESALE,,East,12.992057,100.932934,SEMI WHOLESALE,"276,078.72",10.75,,RBAC01,,,,,,,,
RBA2005521,ร้านสวัสดิการ สอ.รฝ.,ค่าย สอ.รฝ. ต.สัตหีบ อ.สัตหีบ,20180,Chon Buri,Minimart,,East,12.638588,100.939572,Minimart,"17,409.15",9.5,,RBAC03,,,,,,,,
RBA2005535,บริษัท อนันต์ ซุปเปอร์สโตร์  จำกัด,256/501 หมู่3 ต.บ่อวิน อ.ศรีราชา,20230,Chon Buri,Minimart,,East,13.008163,101.070853,Minimart,"84,083.61",16.25,,RBAC02,,,,,,,,
RBA2005635,ชัยสวัสดิ์พาณิชยกิจ,85/28 หมู่ 10 ต.หนองปรือ อ.บางละมุง,20150,Chon Buri,SEMI WHOLESALE,,East,12.919951,100.918178,SEMI WHOLESALE,"127,665.84",0.5,,RBAC02,,,,,,,,
RBA2005649,ห้างหุ้นส่วนจำกัด เทพภูชิชย์,244/105 หมู่6 ต.หนองปรือ อ.บางละมุง,20150,Chon Buri,SEMI WHOLESALE,,East,12.923264,100.925306,SEMI WHOLESALE,"37,229.52",5.5,,RBAC02,,,,,,,,
RBA2005656,บริษัท พร้อมส่ง หนองใหญ่ จำกัด,42 ม.1 ต.หนองใหญ่ อ.หนองใหญ่,20190,Chon Buri,Minimart,,East,13.156548,101.378697,Minimart,"589,212.00",0.33,,RBAC02,,,,,,,,
RBA2005665,บริษัท​  ศรีราชามงคลชัย​ จำกัด​,333/9 ม.6 ต.สุรศักดิ์ อ.ศรีราชา,20110,Chon Buri,WHOLESALE,,East,13.362535,101.01528,WHOLESALE,"2,430.72",0.25,,RBAC02,,,,,,,,
RBA2005788,ห้างหุ้นส่วน​จำกัด​ ทิชชู่​ชลบุรี​ สำนักงานใหญ่,54/8 ม.2 ต.บ้านสวน อ.เมืองชลบุรี,20000,Chon Buri,SEMI WHOLESALE,,East,13.34512333,100.9848667,SEMI WHOLESALE,"111,978.43",8.67,,RBAC02,,,,,,,,
RBA2005789,บริษัท​ โสภณ​อีส​เทิร์น​เท​รดดิ้ง​ จำกัด,99/9 ​ม.6 ต.หนองปลาไหล อ.บางละมุง,20150,Chon Buri,Minimart,,East,12.70861167,101.1710333,Minimart,"42,115.04",5.25,,RBAC02,,,,,,,,
RBA2005790,บริษัท​ เบสท์​ แฟคตอรี่​ เอาท์เล็ท​ จำกัด,629​ ม.11​ ถ.สุขาภิบาล​ 8 ต.หนองขาม อ.ศรีราชา,20110,Chon Buri,SUPERMARKET,,East,12.708705,101.1709567,SUPERMARKET,"18,271.98",6.25,,RBAC02,,,,,,,,
RBA2005791,บริษัท​ สี่แยก​เซ็นเตอร์​  จำกัด,485  ถนนสุขุมวิท​ ต.แสนสุข อ.เมืองชลบุรี,20130,Chon Buri,SEMI WHOLESALE,,East,13.264544,100.933924,SEMI WHOLESALE,"39,120.96",4.67,,RBAC02,,,,,,,,
RBA2005795,บริษัท​ ศรีธิคำ​ มาร์เก็ต​ติ้ง​ จำ​กัด​,142/5 ม.3 ต.บึง อ.ศรีราชา,20230,Chon Buri,SEMI WHOLESALE,,East,13.081787,100.997113,SEMI WHOLESALE,"33,383.64",5.83,,RBAC01,,,,,,,,
RBA2005801,บริษัทเบ็ดเตล็ด​ สโตร์​ แหลมฉบัง​ จำกัด,27​ ม.10 ต.ทุ่งสุขลา อ.ศรีราชา,20230,Chon Buri,SEMI WHOLESALE,,East,13.08778,100.919407,SEMI WHOLESALE,"47,106.15",6.25,,RBAC02,,,,,,,,
RBA2005802,บริษัท​ เบ็ดเตล็ด​ สโตร์​ 8​ ปิ่นทอง​ จำกัด,492/185 หมู่ที่10 ต.หนองขาม อ.ศรีราชา,20110,Chon Buri,Minimart,,East,13.12473667,101.0015933,Minimart,"76,630.67",11.75,,RBAC02,,,,,,,,
RBA2005817,บริษัท​ เดอะ​ เบเวอร์ลี​ โฮเทล คอร์ปอเรชั่น​ จำกัด,59/35  ม.10​ ถ.พระตำหนัก​ ต.หนองปรือ อ.บางละมุง,20150,Chon Buri,SUPERMARKET,,East,12.946135,100.8913317,SUPERMARKET,"55,699.20",0.67,,RBAC02,,,,,,,,
RBA2006025,ภาวินช็อป,94/7 หมู่2 ต.บางพระ อ.ศรีราชา,20110,Chon Buri,Minimart,,East,13.21249,100.943287,Minimart,"15,667.65",10.42,,RBAC02,,,,,,,,
RBA2006026,ร้านซูเปอร์,70 หมู่2 ต.บางพระ อ.ศรีราชา,20110,Chon Buri,Minimart,,East,13.218488,100.94111,Minimart,"13,024.47",3.75,,RBAC02,,,,,,,,
RBA2006028,บริษัท เบสท์ แฟคตอรี่ เอาท์เล็ท จำกัด,629 หมู่11 ถนนสุขาภิบาล8 ต.หนองขาม อ.ศรีราชา,20110,Chon Buri,OTHERS (CREDIT),,East,13.0818159,100.936024,OTHERS (CREDIT),"52,870.62",2.33,,RBAC02,,,,,,,,
RBA2006283,ศรีราชามาร์ทวังหิน,26/309 ม.1 ต.สุรศักดิ์ อ.ศรีราชา,20110,Chon Buri,Minimart,,East,12.66391833,101.2430917,Minimart,"38,552.16",5.75,,RBAC02,,,,,,,,
RBA2006324,ร้านสหกรณ์กองบัญชาการช่วยรบที่1 จำกัด,480 หมู่ 1 ต.เกาะจันทร์ อ.เกาะจันทร์,20240,Chon Buri,Minimart,,East,13.001465,101.0762617,Minimart,"7,555.27",5.33,,RBAC02,,,,,,,,
RBA2006338,บริษัท ซีโน คอนดอม จำกัด (สำนักงานใหญ่),34/176 ม.2 ต.หนองปรือ อ.บางละมุง,20150,Chon Buri,B2B,,East,12.70867833,101.170965,B2B,"534,087.72",3.17,,RBAC02,,,,,,,,
RBA2006340,โลมามินิมาร์ท,207/356 ม.11 ต.หนองขาม อ.ศรีราชา,20230,Chon Buri,Minimart,,East,12.7087155,101.1710227,Minimart,"20,157.62",0.33,,RBAC02,,,,,,,,
RBA2006343,บริษัท มีดี ศรีราชา จำกัด (สำนักงานใหญ่),"45,47,67/2-5 ถ.สุรศักดิ์1 ต.ศรีราชา อ.ศรีราชา",20110,Chon Buri,Minimart,,East,13.16094833,100.9317167,Minimart,"25,034.92",7.83,,RBAC02,,,,,,,,
RBA2006347,บริษัท นิธิ ออล จำกัด (สำนักงานใหญ่),9 ถ.สุรศักดิ์1 ต.ศรีราชา อ.ศรีราชา,20110,Chon Buri,SUPERMARKET,,East,13.16104667,100.93132,SUPERMARKET,"1,972.80",0.25,,RBAC02,,,,,,,,
RBA2006348,มิตรอารีย์ เทรดเดอร์,125/48 ม.3 ต.บ่อวิน อ.ศรีราชา,20230,Chon Buri,SUPERMARKET,,East,12.70864667,101.17102,SUPERMARKET,"38,407.86",1,,RBAC02,,,,,,,,
RBA2006350,พัทยา บิวตี้ (สำนักงานใหญ่),32/17-18 ม.10 ถ.พัทยาใต้ ต.หนองปรือ อ.บางละมุง,20260,Chon Buri,Minimart,,East,12.90677833,100.89696,Minimart,"227,279.76",9.67,,RBAC02,,,,,,,,
RBA2006353,บริษัท สี่แยกเซนเตอร์ จำกัด,18/1 ม.8 ต.มาบโป่ง อ.พานทอง,20160,Chon Buri,SEMI WHOLESALE,,East,13.00131833,101.07625,SEMI WHOLESALE,"32,144.76",4.58,,RBAC02,,,,,,,,
RBA2006355,บริษัท ศรีธิคำ มาร์เก็ตติ้ง จำกัด,226/90 ม.4 ต.นาจอมเทียน อ.สัตหีบ,20250,Chon Buri,SEMI WHOLESALE,,East,13.98980167,101.7177167,SEMI WHOLESALE,"22,224.12",3.25,,RBAC01,,,,,,,,
RBA2006356,บริษัท ศรีธิคำ มาร์เก็ตติ้ง จำกัด,57/5 ม.6 ต.หนองปลาไหล อ.บางละมุง,20150,Chon Buri,SEMI WHOLESALE,,East,12.965165,100.9188533,SEMI WHOLESALE,"56,758.44",7.92,,RBAC01,,,,,,,,
RBA2004690,บริษัทสรรพสินค้าชลบุรี จำกัด,117/21 หมู่ 15 ต.บางเสาธง อ.บางเสาธง จ.สมุทรปราการ ,10570,Chon Buri,SEMI WHOLESALE,,East,13.21326167,100.9437067,SEMI WHOLESALE,"27,964.44", -   ,,RBAC02,,,,,,,,
RBA2004692,ร้านแบล็ค แอนด์ บราวน์,115 ม.2 ต.บางพระ อ.ศรีราชา จ.ชลบุรี ,20110,Chon Buri,OTHERS (VAN),,East,13.146438,100.9550416,OTHERS (VAN),"348,384.00", -   ,,RBAC02,,,,,,,,
RBA2004693,ร้านชายน้อย1,217/18 หมู่ 10 ซอย8 ถนนชายหาด ต.หนองปรือ อ.บางละมุง จ.ชลบุรี ,20150,Chon Buri,MOM AND POP LARGE,,East,13.374928,101.0119683,MOM AND POP LARGE,"40,475.52", -   ,,RBAC02,,,,,,,,
RBA2004716,ร้านใช้ฮั้วเฮง,117 ต.คลองกิ่ว อ.บ้านบึง จ.ชลบุรี ,20220,Chon Buri,MINIMART,,East,13.250152,101.155341,MINIMART,"103,572.00", -   ,,RBAC02,,,,,,,,
